{"Accuracy": 0.9966139650334557, "Precision": 0.996640852995595, "Recall": 0.9966139650334557, "F1 Score": 0.9966216818753693}