{"Accuracy": 0.9966139650334557, "Precision": 0.9838112621756708, "Recall": 0.994722135982614, "F1 Score": 0.9892366143791971}