{"Accuracy": 0.9966112669976257, "Precision": 0.9966368294582569, "Recall": 0.9966112669976257, "F1 Score": 0.9966187181687385}