{"Accuracy": 0.9966139650334557, "Precision": 0.9966403484842633, "Recall": 0.9966139650334557, "F1 Score": 0.9966215587276301}