{"Accuracy": 0.9966733218217138, "Precision": 0.9966985241432936, "Recall": 0.9966733218217138, "F1 Score": 0.9966805980254116}