{"Accuracy": 0.9966733218217138, "Precision": 0.9841310468390069, "Recall": 0.9947738797474904, "F1 Score": 0.989423843956666}